,Mouse ID,Drug,colkey,Timepoint,Tumor Volume (mm3),Metastatic Sites
0,f234,Stelasyn,0,0,45.0,0
1,x402,Stelasyn,0,0,45.0,0
2,a492,Stelasyn,0,0,45.0,0
3,w540,Stelasyn,0,0,45.0,0
4,v764,Stelasyn,0,0,45.0,0
5,o848,Stelasyn,0,0,45.0,0
6,z314,Stelasyn,0,0,45.0,0
7,g989,Stelasyn,0,0,45.0,0
8,m269,Stelasyn,0,0,45.0,0
9,a963,Stelasyn,0,0,45.0,0
10,t451,Stelasyn,0,0,45.0,0
11,p981,Stelasyn,0,0,45.0,0
12,k510,Stelasyn,0,0,45.0,0
13,h333,Stelasyn,0,0,45.0,0
14,c402,Stelasyn,0,0,45.0,0
15,j984,Stelasyn,0,0,45.0,0
16,w697,Stelasyn,0,0,45.0,0
17,s619,Stelasyn,0,0,45.0,0
18,g867,Stelasyn,0,0,45.0,0
19,k862,Stelasyn,0,0,45.0,0
20,i901,Stelasyn,0,0,45.0,0
21,b879,Stelasyn,0,0,45.0,0
22,p387,Stelasyn,0,0,45.0,0
23,a366,Stelasyn,0,0,45.0,0
24,s565,Stelasyn,0,0,45.0,0
25,j755,Naftisol,0,0,45.0,0
26,e213,Naftisol,0,0,45.0,0
27,e584,Naftisol,0,0,45.0,0
28,e291,Naftisol,0,0,45.0,0
29,z795,Naftisol,0,0,45.0,0
30,x264,Naftisol,0,0,45.0,0
31,v199,Naftisol,0,0,45.0,0
32,r701,Naftisol,0,0,45.0,0
33,t724,Naftisol,0,0,45.0,0
34,a818,Naftisol,0,0,45.0,0
35,v295,Naftisol,0,0,45.0,0
36,m133,Naftisol,0,0,45.0,0
37,l725,Naftisol,0,0,45.0,0
38,x336,Naftisol,0,0,45.0,0
39,l700,Naftisol,0,0,45.0,0
40,n304,Naftisol,0,0,45.0,0
41,r604,Naftisol,0,0,45.0,0
42,v835,Naftisol,0,0,45.0,0
43,z969,Naftisol,0,0,45.0,0
44,o725,Naftisol,0,0,45.0,0
45,y601,Naftisol,0,0,45.0,0
46,x930,Naftisol,0,0,45.0,0
47,b559,Naftisol,0,0,45.0,0
48,z234,Naftisol,0,0,45.0,0
49,f993,Naftisol,0,0,45.0,0
50,q119,Ketapril,0,0,45.0,0
51,n923,Ketapril,0,0,45.0,0
52,p189,Ketapril,0,0,45.0,0
53,h246,Ketapril,0,0,45.0,0
54,c819,Ketapril,0,0,45.0,0
55,a457,Ketapril,0,0,45.0,0
56,g107,Ketapril,0,0,45.0,0
57,f932,Ketapril,0,0,45.0,0
58,y260,Ketapril,0,0,45.0,0
59,k382,Ketapril,0,0,45.0,0
60,c580,Ketapril,0,0,45.0,0
61,w422,Ketapril,0,0,45.0,0
62,m550,Ketapril,0,0,45.0,0
63,v289,Ketapril,0,0,45.0,0
64,m650,Ketapril,0,0,45.0,0
65,l264,Ketapril,0,0,45.0,0
66,o331,Ketapril,0,0,45.0,0
67,c832,Ketapril,0,0,45.0,0
68,o973,Ketapril,0,0,45.0,0
69,d474,Ketapril,0,0,45.0,0
70,g497,Ketapril,0,0,45.0,0
71,f278,Ketapril,0,0,45.0,0
72,v603,Ketapril,0,0,45.0,0
73,u327,Ketapril,0,0,45.0,0
74,h428,Ketapril,0,0,45.0,0
75,b128,Capomulin,0,0,45.0,0
76,r944,Capomulin,0,0,45.0,0
77,s185,Capomulin,0,0,45.0,0
78,w914,Capomulin,0,0,45.0,0
79,l897,Capomulin,0,0,45.0,0
80,b742,Capomulin,0,0,45.0,0
81,f966,Capomulin,0,0,45.0,0
82,u364,Capomulin,0,0,45.0,0
83,j119,Capomulin,0,0,45.0,0
84,l509,Capomulin,0,0,45.0,0
85,m957,Capomulin,0,0,45.0,0
86,g316,Capomulin,0,0,45.0,0
87,r554,Capomulin,0,0,45.0,0
88,g288,Capomulin,0,0,45.0,0
89,y793,Capomulin,0,0,45.0,0
90,i738,Capomulin,0,0,45.0,0
91,s710,Capomulin,0,0,45.0,0
92,i557,Capomulin,0,0,45.0,0
93,v923,Capomulin,0,0,45.0,0
94,x401,Capomulin,0,0,45.0,0
95,m601,Capomulin,0,0,45.0,0
96,w150,Capomulin,0,0,45.0,0
97,t565,Capomulin,0,0,45.0,0
98,r157,Capomulin,0,0,45.0,0
99,j246,Capomulin,0,0,45.0,0
100,q132,Infubinol,0,0,45.0,0
101,i386,Infubinol,0,0,45.0,0
102,a251,Infubinol,0,0,45.0,0
103,z581,Infubinol,0,0,45.0,0
104,o809,Infubinol,0,0,45.0,0
105,k804,Infubinol,0,0,45.0,0
106,k483,Infubinol,0,0,45.0,0
107,y163,Infubinol,0,0,45.0,0
108,a577,Infubinol,0,0,45.0,0
109,v339,Infubinol,0,0,45.0,0
110,c139,Infubinol,0,0,45.0,0
111,c326,Infubinol,0,0,45.0,0
112,v719,Infubinol,0,0,45.0,0
113,c895,Infubinol,0,0,45.0,0
114,f345,Infubinol,0,0,45.0,0
115,a203,Infubinol,0,0,45.0,0
116,w584,Infubinol,0,0,45.0,0
117,e476,Infubinol,0,0,45.0,0
118,w193,Infubinol,0,0,45.0,0
119,v766,Infubinol,0,0,45.0,0
120,s121,Infubinol,0,0,45.0,0
121,n671,Infubinol,0,0,45.0,0
122,m756,Infubinol,0,0,45.0,0
123,o813,Infubinol,0,0,45.0,0
124,a685,Infubinol,0,0,45.0,0
125,h531,Ceftamin,0,0,45.0,0
126,w151,Ceftamin,0,0,45.0,0
127,b447,Ceftamin,0,0,45.0,0
128,u153,Ceftamin,0,0,45.0,0
129,j296,Ceftamin,0,0,45.0,0
130,l661,Ceftamin,0,0,45.0,0
131,y769,Ceftamin,0,0,45.0,0
132,y865,Ceftamin,0,0,45.0,0
133,l471,Ceftamin,0,0,45.0,0
134,b759,Ceftamin,0,0,45.0,0
135,l490,Ceftamin,0,0,45.0,0
136,f436,Ceftamin,0,0,45.0,0
137,l733,Ceftamin,0,0,45.0,0
138,l558,Ceftamin,0,0,45.0,0
139,x822,Ceftamin,0,0,45.0,0
140,u149,Ceftamin,0,0,45.0,0
141,k210,Ceftamin,0,0,45.0,0
142,a275,Ceftamin,0,0,45.0,0
143,x581,Ceftamin,0,0,45.0,0
144,t573,Ceftamin,0,0,45.0,0
145,q483,Ceftamin,0,0,45.0,0
146,o287,Ceftamin,0,0,45.0,0
147,b487,Ceftamin,0,0,45.0,0
148,p438,Ceftamin,0,0,45.0,0
149,x226,Ceftamin,0,0,45.0,0
150,c927,Propriva,0,0,45.0,0
151,v991,Propriva,0,0,45.0,0
152,o562,Propriva,0,0,45.0,0
153,u946,Propriva,0,0,45.0,0
154,g558,Propriva,0,0,45.0,0
155,n678,Propriva,0,0,45.0,0
156,z435,Propriva,0,0,45.0,0
157,x111,Propriva,0,0,45.0,0
158,x209,Propriva,0,0,45.0,0
159,g570,Propriva,0,0,45.0,0
160,s187,Propriva,0,0,45.0,0
161,r107,Propriva,0,0,45.0,0
162,w746,Propriva,0,0,45.0,0
163,i635,Propriva,0,0,45.0,0
164,o523,Propriva,0,0,45.0,0
165,s141,Propriva,0,0,45.0,0
166,l215,Propriva,0,0,45.0,0
167,t198,Propriva,0,0,45.0,0
168,n482,Propriva,0,0,45.0,0
169,k603,Propriva,0,0,45.0,0
170,a699,Propriva,0,0,45.0,0
171,p310,Propriva,0,0,45.0,0
172,w350,Propriva,0,0,45.0,0
173,g989,Propriva,1,0,45.0,0
174,n630,Propriva,0,0,45.0,0
175,d133,Zoniferol,0,0,45.0,0
176,o926,Zoniferol,0,0,45.0,0
177,m331,Zoniferol,0,0,45.0,0
178,q511,Zoniferol,0,0,45.0,0
179,s337,Zoniferol,0,0,45.0,0
180,a788,Zoniferol,0,0,45.0,0
181,c559,Zoniferol,0,0,45.0,0
182,p136,Zoniferol,0,0,45.0,0
183,j365,Zoniferol,0,0,45.0,0
184,a401,Zoniferol,0,0,45.0,0
185,f129,Zoniferol,0,0,45.0,0
186,q633,Zoniferol,0,0,45.0,0
187,x613,Zoniferol,0,0,45.0,0
188,w575,Zoniferol,0,0,45.0,0
189,d164,Zoniferol,0,0,45.0,0
190,g296,Zoniferol,0,0,45.0,0
191,k754,Zoniferol,0,0,45.0,0
192,k894,Zoniferol,0,0,45.0,0
193,f545,Zoniferol,0,0,45.0,0
194,n967,Zoniferol,0,0,45.0,0
195,c264,Zoniferol,0,0,45.0,0
196,f394,Zoniferol,0,0,45.0,0
197,b313,Zoniferol,0,0,45.0,0
198,c302,Zoniferol,0,0,45.0,0
199,w140,Zoniferol,0,0,45.0,0
200,i334,Ramicane,0,0,45.0,0
201,q597,Ramicane,0,0,45.0,0
202,z578,Ramicane,0,0,45.0,0
203,e662,Ramicane,0,0,45.0,0
204,s508,Ramicane,0,0,45.0,0
205,n364,Ramicane,0,0,45.0,0
206,w678,Ramicane,0,0,45.0,0
207,m546,Ramicane,0,0,45.0,0
208,u196,Ramicane,0,0,45.0,0
209,a520,Ramicane,0,0,45.0,0
210,g791,Ramicane,0,0,45.0,0
211,i177,Ramicane,0,0,45.0,0
212,a644,Ramicane,0,0,45.0,0
213,r921,Ramicane,0,0,45.0,0
214,r811,Ramicane,0,0,45.0,0
215,c758,Ramicane,0,0,45.0,0
216,k403,Ramicane,0,0,45.0,0
217,y449,Ramicane,0,0,45.0,0
218,j989,Ramicane,0,0,45.0,0
219,d251,Ramicane,0,0,45.0,0
220,a444,Ramicane,0,0,45.0,0
221,a411,Ramicane,0,0,45.0,0
222,j913,Ramicane,0,0,45.0,0
223,q610,Ramicane,0,0,45.0,0
224,c458,Ramicane,0,0,45.0,0
225,a897,Placebo,0,0,45.0,0
226,c757,Placebo,0,0,45.0,0
227,i477,Placebo,0,0,45.0,0
228,o302,Placebo,0,0,45.0,0
229,t718,Placebo,0,0,45.0,0
230,w167,Placebo,0,0,45.0,0
231,x773,Placebo,0,0,45.0,0
232,s166,Placebo,0,0,45.0,0
233,q582,Placebo,0,0,45.0,0
234,y478,Placebo,0,0,45.0,0
235,o795,Placebo,0,0,45.0,0
236,l872,Placebo,0,0,45.0,0
237,t994,Placebo,0,0,45.0,0
238,v409,Placebo,0,0,45.0,0
239,v989,Placebo,0,0,45.0,0
240,c282,Placebo,0,0,45.0,0
241,e227,Placebo,0,0,45.0,0
242,c766,Placebo,0,0,45.0,0
243,s152,Placebo,0,0,45.0,0
244,n763,Placebo,0,0,45.0,0
245,i669,Placebo,0,0,45.0,0
246,r850,Placebo,0,0,45.0,0
247,a262,Placebo,0,0,45.0,0
248,q787,Placebo,0,0,45.0,0
249,j235,Placebo,0,0,45.0,0
250,a275,,1,5,46.795257280600005,0
251,w575,,1,5,48.9138597737,1
252,x822,,1,5,45.671104424700005,1
253,l509,,1,5,45.8511928534,0
254,n304,,1,5,46.431216293199995,0
255,d164,,1,5,46.617670614,0
256,l897,,1,5,45.462243267299996,0
257,l558,,1,5,45.809088816199996,0
258,g296,,1,5,46.593233366499994,0
259,c458,,1,5,45.7222794933,0
260,a401,,1,5,46.1119859138,0
261,l700,,1,5,45.918371650699996,0
262,f234,,1,5,47.3134906249,0
263,x613,,1,5,46.0970405801,0
264,u149,,1,5,45.7920679201,0
265,k210,,1,5,47.918997705600006,0
266,x402,,1,5,46.327570271099994,1
267,q610,,1,5,45.6294942066,0
268,x581,,1,5,47.1969265953,0
269,a492,,1,5,46.40914338899999,0
270,m133,,1,5,46.621301269700005,0
271,l725,,1,5,48.7363188117,1
272,q633,,1,5,47.1838021471,0
273,f129,,1,5,47.0005939912,0
274,q483,,1,5,46.7768162388,1
275,a444,,1,5,44.0059748662,0
276,v835,,1,5,47.1560107135,0
277,r604,,1,5,47.067744482399995,1
278,f394,,1,5,47.0330996326,0
279,y865,,1,5,46.7350059228,1
280,d251,,1,5,41.746354951,1
281,b313,,1,5,47.154432544799995,0
282,y769,,1,5,46.4226517593,1
283,z234,,1,5,46.129357058500005,1
284,b559,,1,5,47.409897307,0
285,f993,,1,5,46.3957596587,0
286,q119,,1,5,47.864440003199995,0
287,j989,,1,5,45.6207183526,1
288,w150,,1,5,39.2021289432,0
289,n923,,1,5,45.8248809938,0
290,y449,,1,5,45.8775449377,0
291,l661,,1,5,46.2687990432,0
292,c302,,1,5,47.690679858500005,1
293,c264,,1,5,45.79170389350001,0
294,l471,,1,5,46.251872037700004,0
295,x930,,1,5,46.078233754799996,0
296,k754,,1,5,45.727760403699996,0
297,f436,,1,5,46.3707975921,1
298,v295,,1,5,46.111817974,1
299,j913,,1,5,44.01490022,0
300,s710,,1,5,43.1809773956,0
301,z969,,1,5,49.3329987284,0
302,k894,,1,5,47.645686743999995,0
303,l490,,1,5,45.6125391753,1
304,b759,,1,5,48.0091904896,0
305,a411,,1,5,45.466677143000005,0
306,f545,,1,5,46.5658126328,0
307,o725,,1,5,46.88982097939999,0
308,y601,,1,5,48.4750027309,1
309,w914,,1,5,45.893720323900006,0
310,n967,,1,5,46.077191731300005,1
311,l733,,1,5,46.174226268199995,0
312,m601,,1,5,41.408591450100005,1
313,b487,,1,5,46.2139773932,0
314,o287,,1,5,45.5868036213,0
315,p310,,1,5,46.55853236229999,1
316,r107,,1,5,48.513420271499996,0
317,s565,,1,5,48.2425521816,0
318,w350,,1,5,48.232113105,0
319,s187,,1,5,47.576717609300005,1
320,j984,,1,5,48.4107210949,1
321,w697,,1,5,48.3018226056,1
322,j755,,1,5,47.242843570299996,0
323,g570,,1,5,47.6564243575,1
324,u364,,1,5,45.760886472799996,1
325,x209,,1,5,46.7542688725,0
326,c402,,1,5,49.3426301024,1
327,b742,,1,5,41.5340970177,0
328,n630,,1,5,46.0990996926,0
329,g989,,2,5,48.786801463500005,0
330,e213,,1,5,45.699250182600004,1
331,a366,,1,5,48.9513677307,0
332,w746,,1,5,49.4532700546,0
333,s141,,1,5,45.8311343446,0
334,i901,,1,5,46.493023919399995,0
335,t198,,1,5,47.461260521999996,0
336,b879,,1,5,49.1561562774,1
337,k603,,1,5,46.042115822700005,0
338,o523,,1,5,45.5447000844,0
339,v923,,1,5,45.7044343138,0
340,f966,,1,5,38.7964737318,0
341,p387,,1,5,48.6676307472,0
342,g867,,1,5,46.8807491586,0
343,i635,,1,5,47.235937153100004,0
344,s619,,1,5,46.6022687751,0
345,a699,,1,5,46.55308985520001,0
346,q132,,1,5,46.7163985039,1
347,k862,,1,5,49.2030578603,0
348,h333,,1,5,45.75172728020001,0
349,x401,,1,5,45.4737530157,0
350,o926,,1,5,46.7611637314,0
351,c927,,1,5,46.3518420477,0
352,c559,,1,5,46.562637930200005,0
353,r701,,1,5,46.886971367,0
354,j119,,1,5,45.8389978688,0
355,p438,,1,5,46.82793417680001,0
356,m269,,1,5,49.0111800953,0
357,a963,,1,5,46.23350580859999,0
358,p136,,1,5,49.273970958999996,0
359,t724,,1,5,46.359258294300005,0
360,g989,,3,5,47.5703920761,0
361,z314,,1,5,45.934712167,0
362,a818,,1,5,45.696708639499995,0
363,v764,,1,5,47.0541847448,0
364,j365,,1,5,46.7112610998,0
365,i557,,1,5,42.261665299899995,0
366,x264,,1,5,47.0384145045,0
367,v991,,1,5,49.21432799,1
368,a788,,1,5,47.0065802437,0
369,x111,,1,5,46.94101497729999,1
370,k510,,1,5,46.6084671022,0
371,z435,,1,5,47.1159796322,0
372,e584,,1,5,45.656978496,0
373,m331,,1,5,45.5230137147,1
374,n678,,1,5,47.55428428729999,0
375,p981,,1,5,47.000627172799994,0
376,g558,,1,5,46.18874192770001,0
377,e291,,1,5,46.1425048634,0
378,q511,,1,5,45.8326537772,0
379,u946,,1,5,45.991807800100005,1
380,z795,,1,5,46.833474934799995,0
381,t451,,1,5,48.0471388219,0
382,s337,,1,5,46.8498515661,0
383,o562,,1,5,46.5149501609,1
384,w540,,1,5,45.8853703831,1
385,w140,,1,5,47.71795156060001,0
386,l215,,1,5,49.481949353199994,1
387,y793,,1,5,41.019913149699995,0
388,n763,,1,5,46.0859814231,0
389,a203,,1,5,48.508468400699996,0
390,w584,,1,5,46.0519307545,0
391,y163,,1,5,48.284970156199996,0
392,o973,,1,5,46.7178772684,0
393,o795,,1,5,46.760927208000005,1
394,w422,,1,5,48.45745927270001,0
395,e662,,1,5,45.8162825207,0
396,g791,,1,5,45.8515306212,0
397,c580,,1,5,46.628454796999996,0
398,e476,,1,5,47.11180112979999,0
399,k483,,1,5,46.6110557083,0
400,y478,,1,5,48.6410781799,1
401,i669,,1,5,46.7646682399,1
402,d474,,1,5,45.9183522533,0
403,w193,,1,5,45.4938580222,0
404,q582,,1,5,45.9553989471,1
405,s166,,1,5,47.1867877757,0
406,o331,,1,5,47.0596640836,1
407,k382,,1,5,46.274997348,1
408,k804,,1,5,48.2662036417,0
409,r850,,1,5,46.8629119373,0
410,g316,,1,5,44.022752456499994,0
411,v766,,1,5,48.1512509146,1
412,g497,,1,5,48.782068780799996,0
413,a520,,1,5,38.7237069501,0
414,x773,,1,5,45.850830700500005,1
415,m550,,1,5,49.0540973629,1
416,t994,,1,5,47.8914870979,0
417,n364,,1,5,45.5218747106,0
418,l264,,1,5,46.6687664579,0
419,e227,,1,5,47.238011122799996,0
420,c326,,1,5,49.3402031759,0
421,r157,,1,5,45.5970635931,0
422,c766,,1,5,47.3130553707,0
423,v719,,1,5,47.1883632534,0
424,w678,,1,5,43.1663726574,0
425,c139,,1,5,48.7531120759,0
426,m546,,1,5,42.9988763811,0
427,v339,,1,5,46.2501121227,0
428,s152,,1,5,47.459052900299994,1
429,m650,,1,5,48.5624949203,1
430,c282,,1,5,45.725689726400006,0
431,v989,,1,5,48.858134512700005,0
432,r944,,1,5,45.7371448423,0
433,r554,,1,5,45.781745793,1
434,c895,,1,5,45.47754399,0
435,v409,,1,5,46.2207964218,0
436,u196,,1,5,45.5574644428,1
437,c832,,1,5,48.6854612346,1
438,v289,,1,5,46.204460026999996,0
439,a897,,1,5,45.6911240483,1
440,f345,,1,5,45.5911466041,0
441,s508,,1,5,38.7118718494,0
442,a577,,1,5,46.1977199027,1
443,z578,,1,5,42.1887866197,0
444,i177,,1,5,44.0653978295,0
445,a644,,1,5,45.5501575368,0
446,c757,,1,5,47.7832798083,0
447,s185,,1,5,43.878495686099996,0
448,i738,,1,5,45.595685269899995,0
449,m756,,1,5,47.0103640056,1
450,o813,,1,5,45.699330877799994,0
451,j246,,1,5,45.6414378763,0
452,a685,,1,5,46.870482556800006,0
453,r811,,1,5,45.62580225399999,0
454,h246,,1,5,49.470417015100004,0
455,q597,,1,5,45.766111039799995,0
456,a251,,1,5,46.9821271904,0
457,q787,,1,5,47.1166158739,0
458,c758,,1,5,45.5786783011,0
459,u327,,1,5,45.694188046099995,0
460,t565,,1,5,45.8956472045,0
461,c819,,1,5,45.769248642200004,1
462,o302,,1,5,48.9370118777,0
463,h531,,1,5,47.78468180350001,0
464,i477,,1,5,46.6573847087,0
465,w151,,1,5,45.5460759472,1
466,y260,,1,5,46.79983867,0
467,r921,,1,5,45.56821082850001,0
468,a457,,1,5,47.46289099770001,0
469,j296,,1,5,46.799255907299994,1
470,w167,,1,5,48.786271943500005,0
471,a262,,1,5,48.717568191000005,1
472,b128,,1,5,45.6513313083,0
473,n671,,1,5,47.3538893818,0
474,g288,,1,5,45.839399762700005,0
475,v603,,1,5,46.0160059345,0
476,i334,,1,5,41.0205182104,0
477,k403,,1,5,38.8258980681,0
478,p189,,1,5,49.048707041499995,1
479,o809,,1,5,46.8772431606,0
480,g107,,1,5,48.791664955200005,0
481,t718,,1,5,45.9212527234,1
482,i386,,1,5,46.853696687399996,1
483,s121,,1,5,45.6356617442,1
484,z581,,1,5,49.273091866,1
485,f278,,1,5,48.1945778805,0
486,j235,,1,5,46.588819783599995,0
487,m957,,1,5,45.622381489700004,1
488,e291,,2,10,48.5297412455,1
489,u946,,2,10,46.7305059208,1
490,g558,,2,10,50.0947538217,0
491,i386,,2,10,49.8615473917,2
492,e584,,2,10,47.2506414788,0
493,o523,,2,10,47.0810859034,1
494,i635,,2,10,48.6857560472,1
495,b879,,2,10,50.3389458287,1
496,u327,,2,10,49.2352594778,0
497,n678,,2,10,49.1457086645,1
498,r554,,2,10,39.0054934991,2
499,z435,,2,10,48.7106614712,0
500,s565,,2,10,52.7775270975,0
501,g497,,2,10,49.6470864981,0
502,s187,,2,10,48.14635120649999,1
503,o809,,2,10,48.6707318029,0
504,z581,,2,10,50.478750159099995,2
505,r107,,2,10,49.1860105163,0
506,k804,,2,10,49.471244186199996,0
507,a366,,2,10,53.523990068500005,0
508,j755,,2,10,48.167060829499995,0
509,g570,,2,10,49.1882316674,1
510,d474,,2,10,46.974962972700006,0
511,c832,,2,10,49.8114126213,1
512,x209,,2,10,48.929895429700004,0
513,u364,,2,10,46.5684171913,2
514,k483,,2,10,50.2960412296,1
515,o973,,2,10,48.2457904318,0
516,y163,,2,10,49.112399097700006,1
517,e213,,2,10,47.39157120229999,2
518,a251,,2,10,48.5911790054,1
519,p387,,2,10,53.362962941000006,0
520,v923,,2,10,39.848223284899994,0
521,x111,,2,10,49.1229689833,1
522,a577,,2,10,49.509638899399995,1
523,g288,,2,10,46.3040025385,1
524,v603,,2,10,47.830556800699995,0
525,c139,,2,10,49.99295390939999,0
526,j296,,2,10,48.529977621099995,2
527,o331,,2,10,50.12845481430001,1
528,b759,,2,10,49.1333549892,0
529,l490,,2,10,47.2596059376,1
530,z969,,2,10,52.6560814792,1
531,n671,,2,10,51.0393565292,0
532,g107,,2,10,53.435986676400006,0
533,v835,,2,10,48.9659179711,0
534,s710,,2,10,43.6880262658,0
535,s121,,2,10,49.0488347855,1
536,f436,,2,10,48.146977582,2
537,r604,,2,10,48.7865595745,1
538,l733,,2,10,48.3549515398,0
539,l509,,2,10,46.7590736347,0
540,y260,,2,10,48.0818067794,1
541,v766,,2,10,50.3631098827,1
542,n304,,2,10,47.201250968400004,0
543,a457,,2,10,49.7834189373,0
544,l558,,2,10,46.7845349065,0
545,o725,,2,10,48.199451995100006,0
546,c819,,2,10,46.6583952671,1
547,i738,,2,10,43.4210141409,0
548,n923,,2,10,48.791949861499994,1
549,p189,,2,10,51.582161675600005,2
550,q119,,2,10,51.236605572399995,0
551,l661,,2,10,49.6836195618,0
552,f993,,2,10,48.1853732268,0
553,m957,,2,10,46.4145177047,1
554,h246,,2,10,51.3688621605,1
555,w151,,2,10,46.501476088500006,1
556,y769,,2,10,48.015162605600004,1
557,y865,,2,10,49.5227395512,1
558,b559,,2,10,48.0364320179,0
559,s141,,2,10,47.2356915575,0
560,l471,,2,10,48.182063061899996,0
561,x930,,2,10,50.2606944112,0
562,a685,,2,10,47.664752644,0
563,w193,,2,10,48.3465504575,0
564,x822,,2,10,48.9837166792,1
565,k382,,2,10,50.180967626400005,1
566,v289,,2,10,48.1334820691,0
567,b487,,2,10,47.66438709810001,0
568,c895,,2,10,49.779015424499995,0
569,t724,,2,10,50.703899650699995,0
570,j119,,2,10,46.425365507799995,0
571,p438,,2,10,50.5174978917,0
572,r701,,2,10,49.6545963593,0
573,m650,,2,10,50.9689976283,1
574,i557,,2,10,42.9920765835,0
575,v719,,2,10,51.4970541179,1
576,c927,,2,10,50.965297666800005,1
577,x264,,2,10,47.8871276545,1
578,v991,,2,10,52.6449056961,1
579,l264,,2,10,50.6595809445,0
580,o562,,2,10,47.1476700217,1
581,f345,,2,10,47.2224461932,0
582,a818,,2,10,49.7909194758,0
583,o287,,2,10,47.360200838199994,1
584,m550,,2,10,50.5480345687,2
585,l700,,2,10,47.013566517700006,1
586,g316,,2,10,44.5020424625,0
587,u149,,2,10,47.4048343929,0
588,e476,,2,10,49.431685363199996,0
589,k210,,2,10,49.3799323142,0
590,l725,,2,10,50.8239115379,2
591,a275,,2,10,47.3713432827,0
592,z795,,2,10,48.030803902399995,0
593,c580,,2,10,47.5701738225,1
594,m133,,2,10,47.5033380291,0
595,w422,,2,10,49.9359702353,0
596,x581,,2,10,49.0670278775,1
597,v295,,2,10,47.539462157299994,2
598,a203,,2,10,51.852437204,1
599,y793,,2,10,41.6300102575,1
600,q483,,2,10,47.8391004992,1
601,w584,,2,10,47.29850793600001,0
602,f966,,2,10,35.6244026972,0
603,q132,,2,10,47.9538437692,2
604,m269,,2,10,50.86013006100001,0
605,w167,,2,10,51.8264096538,0
606,m601,,2,10,36.825366635900004,1
607,a492,,2,10,48.432196607600005,0
608,x773,,2,10,47.18920597100001,2
609,a401,,2,10,47.7259374025,1
610,i177,,2,10,41.0209292412,0
611,s166,,2,10,49.00012467649999,0
612,q582,,2,10,47.013575143999994,1
613,w540,,2,10,47.4590665763,1
614,j365,,2,10,48.3493202828,0
615,v764,,2,10,48.1890006167,1
616,g791,,2,10,40.1705584752,0
617,y478,,2,10,52.2889340897,1
618,l897,,2,10,46.154737213699995,0
619,o795,,2,10,51.1237037021,1
620,g989,,4,10,51.7451561314,0
621,p136,,2,10,50.9078902812,0
622,t451,,2,10,48.957919057,0
623,c282,,2,10,48.179506376400006,0
624,s337,,2,10,47.8944414988,0
625,m546,,2,10,43.748223567,0
626,v989,,2,10,52.61468889020001,1
627,a788,,2,10,50.1597213166,1
628,a644,,2,10,46.380712583299996,0
629,v409,,2,10,50.649038422299995,1
630,r944,,2,10,46.5442920172,0
631,a963,,2,10,47.1505220053,0
632,t994,,2,10,52.614163499200004,1
633,c559,,2,10,47.2932601213,0
634,a520,,2,10,36.4293878059,0
635,a444,,2,10,44.512559514799996,0
636,u196,,2,10,46.4229430611,1
637,e227,,2,10,51.3497570463,1
638,f129,,2,10,48.1797190801,1
639,t718,,2,10,46.39268804859999,1
640,n967,,2,10,47.471723269799995,1
641,d251,,2,10,42.432257913200004,1
642,b313,,2,10,48.3193721835,1
643,f545,,2,10,51.0725122479,0
644,a411,,2,10,40.759787622800005,1
645,w914,,2,10,43.2319627458,0
646,c302,,2,10,48.5335670388,1
647,j989,,2,10,46.3438323743,1
648,k894,,2,10,49.2728701133,1
649,y449,,2,10,46.3780924822,0
650,w150,,2,10,39.9523466857,0
651,j913,,2,10,44.497162163999995,0
652,a897,,2,10,47.972927076800005,1
653,k754,,2,10,49.746116661,0
654,k403,,2,10,35.014271464000004,1
655,c757,,2,10,49.219316685200006,0
656,g296,,2,10,48.2695086075,0
657,r921,,2,10,42.7119269415,0
658,q633,,2,10,49.0018655887,0
659,t565,,2,10,46.7490055228,0
660,r811,,2,10,39.453902997,0
661,f234,,2,10,47.90432375140001,0
662,x613,,2,10,46.8181759016,0
663,x402,,2,10,46.886962488100004,1
664,o302,,2,10,49.7014498925,0
665,w575,,2,10,50.1359554709,1
666,c458,,2,10,44.45437828479999,1
667,i477,,2,10,47.5206320557,0
668,c758,,2,10,46.2879922276,0
669,d164,,2,10,47.4746446813,1
670,q610,,2,10,44.9914847141,0
671,s185,,2,10,37.6149476787,0
672,q511,,2,10,50.3116468696,0
673,c264,,2,10,49.0265919617,0
674,k862,,2,10,50.5235500683,1
675,n763,,2,10,46.817315262600005,1
676,h333,,2,10,46.233844138900004,1
677,c402,,2,10,50.5668941174,1
678,q787,,2,10,48.5938623364,1
679,b128,,2,10,43.2708519028,0
680,g867,,2,10,48.1834016703,0
681,g989,,5,10,49.8805278017,0
682,b742,,2,10,41.9992281339,0
683,e662,,2,10,46.4090838477,0
684,i669,,2,10,48.2816334005,1
685,a699,,2,10,47.8673756864,0
686,q597,,2,10,42.5379859779,0
687,j984,,2,10,50.14108401399999,1
688,a262,,2,10,49.5951812923,1
689,w350,,2,10,48.899552379700005,0
690,n364,,2,10,40.3751381982,0
691,z578,,2,10,42.9521184289,0
692,w697,,2,10,48.9250560049,2
693,p310,,2,10,48.6656066817,1
694,k603,,2,10,46.6069467587,0
695,k510,,2,10,47.658249795500005,1
696,r850,,2,10,48.515090853800004,1
697,j235,,2,10,48.018787924399994,1
698,i901,,2,10,50.4212498188,0
699,s152,,2,10,52.18164420350001,2
700,o926,,2,10,47.565673635900005,1
701,m331,,2,10,47.646877348800004,1
702,x401,,2,10,39.113890678800004,0
703,l215,,2,10,53.6539695982,1
704,j246,,2,10,46.4083612964,0
705,s508,,2,10,34.850997904699994,0
706,p981,,2,10,47.5458458532,0
707,i334,,2,10,41.631247305900004,0
708,r157,,2,10,46.059608267,0
709,t198,,2,10,49.0008097751,1
710,c766,,2,10,49.5002709847,1
711,q597,,3,15,41.3956603602,0
712,l661,,3,15,50.9475448381,1
713,y769,,3,15,52.761021138400004,2
714,s185,,3,15,38.1772319541,0
715,d251,,3,15,39.4727874418,1
716,y865,,3,15,50.8065185581,1
717,a685,,3,15,48.951474422,0
718,a262,,3,15,53.82797367479999,2
719,b128,,3,15,43.784893429600004,0
720,r811,,3,15,40.0222923465,0
721,z581,,3,15,51.196304201400004,2
722,c819,,3,15,48.3709991154,1
723,r850,,3,15,50.218604692,1
724,b559,,3,15,51.3788622899,0
725,c264,,3,15,53.6649416525,1
726,o302,,3,15,51.381488855,0
727,g288,,3,15,42.1723007862,1
728,h246,,3,15,56.1843270149,1
729,a251,,3,15,50.5344560313,1
730,c757,,3,15,51.5326030045,0
731,j989,,3,15,41.1283543948,1
732,i334,,3,15,39.1580011524,0
733,f993,,3,15,49.1069747343,1
734,y449,,3,15,44.1834509224,0
735,i738,,3,15,37.978777818000005,0
736,i386,,3,15,51.7365608832,2
737,u327,,3,15,50.6599643742,0
738,q787,,3,15,49.2177324345,2
739,n923,,3,15,51.7387062263,1
740,c758,,3,15,46.94094512149999,1
741,c302,,3,15,52.71663458890001,2
742,q132,,3,15,49.159748620500004,3
743,n671,,3,15,54.216064105200005,0
744,a897,,3,15,52.3430852455,2
745,k403,,3,15,34.2239917444,1
746,b313,,3,15,49.188387346899994,1
747,p189,,3,15,53.6755415046,2
748,m957,,3,15,39.8044534147,1
749,w151,,3,15,47.2429286461,1
750,v603,,3,15,52.1029474359,0
751,j296,,3,15,50.7012795885,2
752,o331,,3,15,54.789767686800005,1
753,a644,,3,15,46.9108916644,0
754,o809,,3,15,49.68344504,1
755,n763,,3,15,47.7980996091,1
756,w422,,3,15,52.2463098495,0
757,o795,,3,15,55.8863379287,2
758,a203,,3,15,52.77787049770001,1
759,a520,,3,15,35.5902540041,0
760,y163,,3,15,51.523068431700004,1
761,r944,,3,15,47.37342325109999,0
762,m550,,3,15,51.166065441499995,3
763,f345,,3,15,48.352238540500004,0
764,s152,,3,15,57.22498063689999,2
765,t994,,3,15,53.4586388685,1
766,c895,,3,15,52.949464741499995,1
767,y793,,3,15,42.283665123,1
768,u196,,3,15,47.2271706546,1
769,c832,,3,15,52.8645344875,1
770,s508,,3,15,35.276906340500005,0
771,m546,,3,15,39.8974353259,0
772,a577,,3,15,50.915006624499995,2
773,m650,,3,15,53.149559331099994,1
774,v719,,3,15,52.609107575799996,1
775,c766,,3,15,50.5966332487,2
776,c282,,3,15,49.2660787336,0
777,j235,,3,15,51.1611381503,1
778,e227,,3,15,52.8339419644,1
779,c139,,3,15,51.8332246013,0
780,n364,,3,15,36.940273989699996,0
781,v289,,3,15,52.6021656439,0
782,r921,,3,15,43.5272605378,0
783,y478,,3,15,53.610405845,1
784,c580,,3,15,51.991708001800006,1
785,t565,,3,15,44.440948608599996,0
786,g497,,3,15,53.646168043500005,1
787,t718,,3,15,48.0851255155,1
788,g107,,3,15,58.1355448458,0
789,s121,,3,15,50.824560307700004,2
790,z578,,3,15,38.6885160717,0
791,j246,,3,15,43.3126541493,0
792,k804,,3,15,50.477618236800005,0
793,w167,,3,15,53.9004890913,0
794,d474,,3,15,47.7779358439,0
795,y260,,3,15,50.1961522424,2
796,v766,,3,15,51.5424305838,1
797,w584,,3,15,51.26543971,0
798,x773,,3,15,47.671235576099996,3
799,i669,,3,15,48.857600704,1
800,i177,,3,15,40.3309347927,0
801,r157,,3,15,46.539206172,0
802,k382,,3,15,54.42916821359999,1
803,k483,,3,15,53.2444581257,1
804,q582,,3,15,48.322640182200004,2
805,e476,,3,15,54.0462126734,0
806,g791,,3,15,40.6781285242,0
807,g316,,3,15,45.21674299439999,0
808,r554,,3,15,35.463757627199996,2
809,o973,,3,15,49.871935818500006,0
810,e662,,3,15,43.5537733856,0
811,w193,,3,15,49.385573728999994,0
812,s141,,3,15,49.2323453829,1
813,n967,,3,15,49.8250036162,1
814,p438,,3,15,52.1983681772,0
815,g989,,6,15,51.3258520692,1
816,b487,,3,15,51.6832558567,0
817,g570,,3,15,52.68269539520001,1
818,j119,,3,15,47.322984279799996,0
819,j755,,3,15,51.4539739071,0
820,v764,,3,15,49.4126241794,2
821,a818,,3,15,51.227565649700004,0
822,o287,,3,15,48.6794526075,1
823,w540,,3,15,48.2501463553,2
824,w350,,3,15,50.8546323041,1
825,q483,,3,15,48.4684825962,1
826,j365,,3,15,49.588263358199995,0
827,j984,,3,15,51.166756873100006,1
828,v295,,3,15,50.6660539088,2
829,s187,,3,15,52.08163224689999,1
830,a401,,3,15,49.934725416599996,1
831,x581,,3,15,49.746427444300004,2
832,a492,,3,15,51.9852629008,0
833,e291,,3,15,49.3484262002,1
834,a275,,3,15,49.7344035867,0
835,f129,,3,15,49.988302463500006,1
836,s565,,3,15,54.328316635,1
837,x402,,3,15,49.1199478021,1
838,l725,,3,15,54.24456268310001,2
839,b742,,3,15,39.5248430117,0
840,t724,,3,15,55.584617236499994,0
841,k210,,3,15,51.073557516,0
842,p136,,3,15,51.9914161632,1
843,m269,,3,15,55.9053435986,0
844,q511,,3,15,52.1330813859,0
845,u946,,3,15,47.6730292145,1
846,x401,,3,15,39.7762500318,0
847,g558,,3,15,51.007258002,0
848,t451,,3,15,49.652787722700005,0
849,z795,,3,15,49.3681318879,1
850,o562,,3,15,51.505085505299995,1
851,s337,,3,15,48.5715158185,0
852,v991,,3,15,54.5885909999,1
853,a788,,3,15,52.539949263800004,1
854,a963,,3,15,47.8368521776,0
855,x264,,3,15,50.0023140274,1
856,e584,,3,15,48.4304105275,1
857,c927,,3,15,53.266430869,1
858,p981,,3,15,49.6577097279,0
859,o926,,3,15,48.254248392799994,1
860,i557,,3,15,43.5298757037,0
861,c559,,3,15,51.414903580200004,1
862,u364,,3,15,47.212199924,2
863,r701,,3,15,52.4848044296,0
864,l897,,3,15,44.0615213987,0
865,k510,,3,15,49.6870516988,1
866,e213,,3,15,51.791695296099995,2
867,h333,,3,15,50.692603580299995,2
868,c402,,3,15,52.2307194355,1
869,g989,,7,15,53.442019761000005,0
870,m601,,3,15,35.464611749,1
871,m133,,3,15,48.6652074029,1
872,m331,,3,15,52.1100875766,1
873,w914,,3,15,43.688448926599996,0
874,s710,,3,15,41.845235362800004,0
875,a699,,3,15,49.530401373400004,0
876,g296,,3,15,49.6532440363,1
877,a411,,3,15,41.4841688531,1
878,b879,,3,15,51.6183865728,1
879,p387,,3,15,55.2513803256,0
880,r604,,3,15,51.0745207273,1
881,l509,,3,15,47.4885993127,1
882,f436,,3,15,48.722077849399994,2
883,u149,,3,15,48.5223734258,0
884,b759,,3,15,51.587799059700004,0
885,g867,,3,15,51.0604192395,1
886,k603,,3,15,48.7752854973,0
887,i635,,3,15,49.536897745699996,1
888,k862,,3,15,54.4745336208,1
889,k754,,3,15,51.3235699401,0
890,j913,,3,15,45.2525342738,0
891,v835,,3,15,50.5452064621,1
892,l490,,3,15,50.5248126764,1
893,k894,,3,15,49.9877656973,1
894,l733,,3,15,49.285195035600005,0
895,f966,,3,15,32.6230025264,0
896,f545,,3,15,53.9455442904,1
897,o725,,3,15,50.0150790177,1
898,p310,,3,15,49.7707414379,1
899,r107,,3,15,53.090335455600005,0
900,q633,,3,15,50.5835572966,1
901,x930,,3,15,51.9737686396,0
902,f234,,3,15,48.7351971444,1
903,l700,,3,15,49.040225293999995,1
904,a444,,3,15,43.001279573000005,0
905,a366,,3,15,55.265581626899994,0
906,x822,,3,15,49.694665333900005,1
907,x613,,3,15,48.077646404700005,0
908,l471,,3,15,49.406879008599994,0
909,z969,,3,15,54.713004523900004,2
910,c458,,3,15,45.107423133000005,2
911,q610,,3,15,45.8890275598,0
912,w697,,3,15,52.657265186800004,2
913,v923,,3,15,40.4579887681,0
914,w575,,3,15,50.8674517572,1
915,t198,,3,15,49.7811807982,2
916,n304,,3,15,48.477978952,0
917,i901,,3,15,51.4196423913,0
918,u364,,4,20,40.3439481218,2
919,o926,,4,20,51.826638253,2
920,q132,,4,20,51.909024942799995,4
921,a577,,4,20,52.3651845662,2
922,i386,,4,20,55.0877244473,2
923,t198,,4,20,51.4907399809,3
924,g558,,4,20,55.0900969102,1
925,c766,,4,20,53.0068646304,3
926,u946,,4,20,49.1100496594,1
927,p310,,4,20,54.2051805405,1
928,s152,,4,20,62.351609445600005,2
929,z581,,4,20,51.807944156000005,2
930,f966,,4,20,30.4859848438,0
931,o809,,4,20,50.3365528785,1
932,s187,,4,20,53.744734056300004,1
933,b128,,4,20,42.7315519999,0
934,i669,,4,20,50.873690269700006,1
935,b742,,4,20,37.950355464,0
936,k804,,4,20,54.484519445100005,0
937,a699,,4,20,50.7124233362,0
938,i635,,4,20,51.8770618925,1
939,r107,,4,20,55.2638583958,0
940,r554,,4,20,36.0155885796,2
941,w350,,4,20,52.1323206066,1
942,k603,,4,20,50.180109351000006,0
943,a251,,4,20,54.4625937637,1
944,k483,,4,20,54.7789605219,1
945,a262,,4,20,57.01331331,2
946,n763,,4,20,49.2581258142,1
947,q787,,4,20,50.229934186099996,2
948,y163,,4,20,54.57107607060001,1
949,g570,,4,20,54.643295405500005,1
950,g989,,8,20,55.3261220232,1
951,s141,,4,20,51.621645702799995,1
952,q511,,4,20,52.6727120546,0
953,s121,,4,20,52.005065899899996,2
954,t718,,4,20,52.6367000006,2
955,k210,,4,20,51.9976185453,0
956,u149,,4,20,50.3780578929,0
957,n671,,4,20,54.822520906099996,0
958,o302,,4,20,56.1776114258,0
959,q633,,4,20,53.287286808000005,1
960,x822,,4,20,51.9149096805,2
961,a685,,4,20,49.490559016999995,0
962,m957,,4,20,38.9093491935,1
963,w575,,4,20,55.591815495,1
964,l733,,4,20,53.244311567,1
965,c757,,4,20,52.8186340079,1
966,w151,,4,20,49.5542629542,2
967,g296,,4,20,51.4471183001,2
968,s185,,4,20,36.8668757626,0
969,a897,,4,20,54.5957054124,3
970,c264,,4,20,54.568195702299995,1
971,f545,,4,20,58.841188880299995,1
972,y769,,4,20,55.0257243359,2
973,l471,,4,20,52.2283269846,0
974,l661,,4,20,52.617490027200006,1
975,b313,,4,20,53.979679695200005,1
976,a401,,4,20,52.20451135729999,2
977,b759,,4,20,54.44303502060001,0
978,k754,,4,20,52.6934227606,1
979,c302,,4,20,54.0809083649,3
980,j296,,4,20,54.005342088999996,3
981,l490,,4,20,51.9054469916,1
982,l509,,4,20,48.0704516203,2
983,w914,,4,20,41.108092328000005,0
984,k894,,4,20,50.981639363199996,1
985,e227,,4,20,56.607552103100005,1
986,a275,,4,20,50.513436516999995,1
987,x581,,4,20,51.2079694323,3
988,o562,,4,20,53.6168634714,1
989,c139,,4,20,56.7420068107,0
990,c282,,4,20,51.9505742324,0
991,v719,,4,20,54.0486076896,1
992,v991,,4,20,57.740694589600004,2
993,s337,,4,20,49.2020540787,1
994,c927,,4,20,55.481689223900005,1
995,t994,,4,20,56.527951594799994,1
996,a788,,4,20,54.0609833167,1
997,c895,,4,20,53.676839604499996,2
998,l897,,4,20,44.813093430600006,0
999,f345,,4,20,49.6133830266,0
1000,c559,,4,20,52.6043669453,2
1001,r944,,4,20,43.225671192600004,1
1002,p438,,4,20,52.9052986063,0
1003,o795,,4,20,60.610059159799995,3
1004,y865,,4,20,52.361982411599996,1
1005,x773,,4,20,49.7397128983,3
1006,w193,,4,20,50.005138074499996,0
1007,j365,,4,20,50.939352777399996,1
1008,q483,,4,20,50.2398558011,1
1009,j119,,4,20,48.1582093856,1
1010,e476,,4,20,55.249272955100004,0
1011,w167,,4,20,57.548156688999995,0
1012,q582,,4,20,51.1859764799,2
1013,p136,,4,20,54.9137985665,1
1014,w584,,4,20,53.3235074308,1
1015,b487,,4,20,53.4276634446,0
1016,y478,,4,20,56.8488501637,1
1017,g316,,4,20,45.933322187899996,1
1018,a203,,4,20,55.173336477700005,1
1019,o287,,4,20,50.8561407771,2
1020,j246,,4,20,44.020370085500005,0
1021,j235,,4,20,52.942901685699994,1
1022,m550,,4,20,53.7579447558,3
1023,a818,,4,20,54.8346244991,0
1024,i901,,4,20,55.9744050244,0
1025,v923,,4,20,39.6482956778,0
1026,c758,,4,20,43.1263113953,1
1027,v295,,4,20,55.731375354899996,3
1028,k862,,4,20,57.057848183500006,1
1029,z578,,4,20,36.890016346799996,0
1030,o331,,4,20,58.9657204314,1
1031,g791,,4,20,41.2118970031,0
1032,w697,,4,20,54.2280909812,3
1033,c819,,4,20,49.7624147548,1
1034,k403,,4,20,32.9977285776,1
1035,m133,,4,20,52.636882487,1
1036,j984,,4,20,54.37251566689999,1
1037,c832,,4,20,56.7102335288,1
1038,q597,,4,20,41.9255865973,0
1039,t565,,4,20,39.0702137997,0
1040,c402,,4,20,54.883320442700004,2
1041,h333,,4,20,51.997806181099996,2
1042,k510,,4,20,52.105573819300005,1
1043,o973,,4,20,51.9569930962,1
1044,l700,,4,20,50.7347681083,1
1045,p981,,4,20,50.3580694704,0
1046,m650,,4,20,56.7779387968,2
1047,j989,,4,20,41.6353442608,1
1048,b879,,4,20,53.9834356818,1
1049,g107,,4,20,62.7060314471,0
1050,a644,,4,20,45.8650646108,0
1051,y793,,4,20,40.7164281529,2
1052,i557,,4,20,43.9678951624,0
1053,e291,,4,20,52.533764786999996,1
1054,c580,,4,20,55.575321945,2
1055,k382,,4,20,57.8243507069,2
1056,w422,,4,20,53.676243359,1
1057,s508,,4,20,35.9286508321,0
1058,e584,,4,20,50.344920952799995,2
1059,x264,,4,20,53.074269727,1
1060,e213,,4,20,52.6137628852,2
1061,r921,,4,20,44.136315884700004,0
1062,j755,,4,20,55.49660752810001,1
1063,e662,,4,20,44.0012957974,0
1064,r701,,4,20,54.114137417799995,0
1065,y260,,4,20,50.7295817393,3
1066,i177,,4,20,35.345361359099996,0
1067,r811,,4,20,40.772802703400004,0
1068,s565,,4,20,57.0461891185,1
1069,m546,,4,20,36.7122953532,0
1070,a366,,4,20,57.2859874161,0
1071,t724,,4,20,57.229409142799994,0
1072,p387,,4,20,56.5876167975,0
1073,v289,,4,20,54.2500539748,0
1074,h246,,4,20,57.9359121766,1
1075,l725,,4,20,59.615154796800006,2
1076,z969,,4,20,57.8987782255,2
1077,w540,,4,20,50.6727274492,2
1078,i334,,4,20,39.6878316954,0
1079,v835,,4,20,51.296542658999996,2
1080,a444,,4,20,41.714618737100004,0
1081,t451,,4,20,51.063677928999994,0
1082,a492,,4,20,53.677192528199996,0
1083,g288,,4,20,42.9571200134,1
1084,x402,,4,20,50.4147504143,2
1085,n923,,4,20,52.599206108000004,1
1086,i738,,4,20,38.5311363449,0
1087,n364,,4,20,37.4788684978,0
1088,f234,,4,20,51.11271292560001,2
1089,m601,,4,20,34.2557316964,1
1090,f993,,4,20,52.0795100926,1
1091,c458,,4,20,39.505135082399995,2
1092,u196,,4,20,46.1053630289,1
1093,a411,,4,20,38.0873731814,1
1094,x930,,4,20,52.5560657478,0
1095,u327,,4,20,53.189879068100005,0
1096,q610,,4,20,46.5854334737,0
1097,b559,,4,20,55.654455716899996,1
1098,j913,,4,20,42.168341324699995,0
1099,v603,,4,20,53.7212419313,0
1100,g497,,4,20,55.0969935585,1
1101,z795,,4,20,53.2806571743,1
1102,a520,,4,20,35.9477451367,0
1103,d474,,4,20,51.731494160299995,0
1104,d251,,4,20,37.6520908462,1
1105,s710,,4,20,42.629962657600004,1
1106,r604,,4,20,51.9027529201,1
1107,x401,,4,20,36.065834708000004,0
1108,m269,,4,20,61.1458663804,0
1109,a963,,4,20,51.4637344829,0
1110,p189,,4,20,56.5302044709,3
1111,g989,,9,20,54.6576500822,1
1112,n304,,4,20,49.2533086334,1
1113,u149,,5,25,52.9253484646,0
1114,x264,,5,25,56.8910528277,2
1115,l725,,5,25,65.008828889,2
1116,i177,,5,25,34.082180303099996,1
1117,l471,,5,25,52.8475589322,1
1118,r944,,5,25,41.0869910555,1
1119,v295,,5,25,57.6918591767,3
1120,x930,,5,25,53.726101300699995,0
1121,c927,,5,25,56.5455194684,2
1122,a520,,5,25,36.5585812854,1
1123,y865,,5,25,57.173538463,2
1124,b559,,5,25,57.043669290699995,1
1125,m546,,5,25,37.4444454297,0
1126,v991,,5,25,60.016747332799994,2
1127,l700,,5,25,54.234501806400004,1
1128,w167,,5,25,61.868576732,0
1129,s710,,5,25,43.0604087491,1
1130,n304,,5,25,53.970859244799996,2
1131,k210,,5,25,54.613972794300004,0
1132,p438,,5,25,54.510574925,0
1133,x581,,5,25,51.9352831811,3
1134,q582,,5,25,51.9682105622,2
1135,r604,,5,25,52.9368581162,1
1136,j119,,5,25,42.4171658876,1
1137,l490,,5,25,55.810033590799996,2
1138,q483,,5,25,52.4300664882,1
1139,a275,,5,25,53.5760641671,1
1140,a818,,5,25,56.9662733232,0
1141,l733,,5,25,54.951668263500004,1
1142,o287,,5,25,52.0684864185,3
1143,z969,,5,25,63.1456521274,2
1144,m133,,5,25,54.0824366171,2
1145,t565,,5,25,37.3422097633,0
1146,l509,,5,25,44.006257018,2
1147,o795,,5,25,65.7417772276,4
1148,t724,,5,25,59.826067973,1
1149,b759,,5,25,55.0836323492,0
1150,b487,,5,25,56.0577490854,1
1151,u196,,5,25,46.7053253976,1
1152,r701,,5,25,57.89848998,1
1153,y478,,5,25,57.8269759771,1
1154,x773,,5,25,51.1044210864,3
1155,x822,,5,25,54.0413332582,2
1156,o809,,5,25,52.3181740669,1
1157,i557,,5,25,44.59621854270001,0
1158,p136,,5,25,56.2814765233,1
1159,c559,,5,25,54.555441683000005,2
1160,m269,,5,25,64.8930197554,0
1161,a788,,5,25,56.7702802971,1
1162,x401,,5,25,36.617120313499996,0
1163,a963,,5,25,52.1298037405,0
1164,l897,,5,25,45.3546791646,0
1165,s337,,5,25,50.9706888979,2
1166,b313,,5,25,55.7451462776,1
1167,j989,,5,25,39.9341124852,1
1168,q511,,5,25,57.2575828717,0
1169,t451,,5,25,55.527553445200006,0
1170,c302,,5,25,55.0762285293,3
1171,o926,,5,25,54.7633385212,3
1172,p981,,5,25,52.5447048014,1
1173,c264,,5,25,56.966768764099996,2
1174,d251,,5,25,38.0975132842,1
1175,w540,,5,25,52.600269551800004,2
1176,j365,,5,25,51.810320400600006,1
1177,j913,,5,25,37.8606693634,0
1178,a411,,5,25,38.7014384033,1
1179,k894,,5,25,52.3258383266,2
1180,g296,,5,25,55.6701066045,3
1181,w914,,5,25,40.2919166099,0
1182,q610,,5,25,40.146450191599996,0
1183,w575,,5,25,58.5873216927,1
1184,h333,,5,25,53.7309143434,2
1185,m601,,5,25,33.1187560745,1
1186,q633,,5,25,55.6831017,1
1187,f234,,5,25,52.178602209,2
1188,f545,,5,25,60.2534813862,1
1189,x402,,5,25,52.4317366358,2
1190,a401,,5,25,54.2098355061,3
1191,a492,,5,25,54.70122868399999,1
1192,a444,,5,25,42.2913943669,0
1193,c458,,5,25,37.7531496418,2
1194,z795,,5,25,57.9470998402,2
1195,g989,,10,25,56.0455635335,1
1196,s185,,5,25,33.9499403692,0
1197,a366,,5,25,59.0117281702,0
1198,s187,,5,25,56.4852198404,1
1199,s565,,5,25,58.5536107924,1
1200,r921,,5,25,42.655340893099996,1
1201,o302,,5,25,60.517102525,0
1202,g570,,5,25,56.8494055954,1
1203,j755,,5,25,58.055818216400006,1
1204,e213,,5,25,55.224476148,2
1205,t718,,5,25,55.876587873999995,3
1206,u364,,5,25,35.5036155664,2
1207,g558,,5,25,55.754082566,2
1208,e584,,5,25,51.3864190841,2
1209,e291,,5,25,55.1389525025,2
1210,a644,,5,25,41.481224077600004,0
1211,o562,,5,25,54.742733155500005,1
1212,r811,,5,25,37.6140106808,0
1213,r107,,5,25,57.70666715390001,1
1214,p387,,5,25,58.098489458500005,0
1215,i635,,5,25,52.9288232312,1
1216,w350,,5,25,52.8059151802,1
1217,k403,,5,25,33.4645773532,1
1218,j984,,5,25,57.0643547939,1
1219,p310,,5,25,55.3418341569,2
1220,a897,,5,25,56.4133197742,3
1221,a699,,5,25,51.8463814709,0
1222,w697,,5,25,57.610394297,3
1223,c402,,5,25,58.269888527,2
1224,b742,,5,25,38.617684334699995,0
1225,k862,,5,25,58.719297297299995,2
1226,t198,,5,25,56.184663987,3
1227,c758,,5,25,43.602267302600005,1
1228,c757,,5,25,57.106418205,2
1229,s141,,5,25,53.8043703838,1
1230,i901,,5,25,56.5751949982,0
1231,b879,,5,25,56.4699874382,2
1232,v923,,5,25,40.1564126858,1
1233,y769,,5,25,58.3359590128,3
1234,g791,,5,25,35.5693993504,1
1235,c282,,5,25,56.292200388000005,1
1236,s121,,5,25,55.65068131899999,2
1237,g107,,5,25,64.6636257923,0
1238,k804,,5,25,55.6748079834,1
1239,w151,,5,25,51.8690586965,2
1240,d474,,5,25,54.2793246201,0
1241,e227,,5,25,60.600291685600006,1
1242,m550,,5,25,57.620682368999994,4
1243,r554,,5,25,33.893345148499996,3
1244,f345,,5,25,53.078894402799996,0
1245,c139,,5,25,61.4619697626,0
1246,g288,,5,25,42.368692385,1
1247,p189,,5,25,62.108959561300004,3
1248,g497,,5,25,57.524446106199996,2
1249,g316,,5,25,46.8092246925,1
1250,y260,,5,25,54.437561723,4
1251,c895,,5,25,57.5341928813,2
1252,i334,,5,25,38.2488173201,1
1253,h246,,5,25,59.5488536968,1
1254,k483,,5,25,57.4320073076,2
1255,z578,,5,25,37.4141141905,0
1256,c766,,5,25,58.214624371999996,3
1257,a577,,5,25,54.38093153810001,2
1258,c819,,5,25,51.8283570592,1
1259,q597,,5,25,42.5757070942,1
1260,c832,,5,25,58.8918164429,2
1261,i669,,5,25,53.3031845548,2
1262,a685,,5,25,51.93995092270001,0
1263,a262,,5,25,60.1318621679,2
1264,m650,,5,25,62.2535969021,2
1265,y163,,5,25,56.1763845158,1
1266,n671,,5,25,56.174457851099994,0
1267,v289,,5,25,56.7200954451,0
1268,b128,,5,25,43.262144827700006,1
1269,m957,,5,25,37.695431538200005,1
1270,o973,,5,25,53.179814707700004,1
1271,n763,,5,25,53.4058705293,2
1272,o331,,5,25,61.102305748199996,1
1273,j296,,5,25,55.76714817,3
1274,q132,,5,25,52.780489297200006,4
1275,w584,,5,25,55.6508379117,1
1276,j246,,5,25,44.5552259519,0
1277,e476,,5,25,57.4086380039,0
1278,c580,,5,25,56.2890623117,2
1279,u327,,5,25,56.0596340925,0
1280,i386,,5,25,56.68786391770001,3
1281,s152,,5,25,64.1191421308,2
1282,w422,,5,25,56.9579171512,2
1283,v603,,5,25,56.0752300146,1
1284,a251,,5,25,57.4146456985,1
1285,l661,,5,25,53.180656782700005,2
1286,k382,,5,25,59.503903917799995,3
1287,i738,,5,25,34.9734376085,0
1288,n923,,5,25,56.85546497520001,2
1289,e662,,5,25,44.6645943219,1
1290,n364,,5,25,33.2050082421,0
1291,q787,,5,25,52.713187855200005,2
1292,y793,,5,25,38.992733904,2
1293,z581,,5,25,54.3164068167,2
1294,s508,,5,25,36.3385689369,0
1295,a203,,5,25,56.7932083242,1
1296,m650,,6,30,64.90188754729999,3
1297,n763,,6,30,55.41365960979999,3
1298,z578,,6,30,37.8159348669,0
1299,c758,,6,30,44.1182702761,1
1300,v923,,6,30,40.7522162629,2
1301,k862,,6,30,60.605439789799995,3
1302,g570,,6,30,60.3287170509,1
1303,e584,,6,30,54.9844076668,3
1304,t198,,6,30,56.9249743083,3
1305,s141,,6,30,55.841410065,1
1306,c139,,6,30,64.1498707741,1
1307,w422,,6,30,60.0966346716,3
1308,b742,,6,30,39.1679494956,0
1309,i557,,6,30,45.2613838113,0
1310,u364,,6,30,35.9783343964,2
1311,g316,,6,30,44.221479879600004,2
1312,r921,,6,30,43.4193807663,1
1313,m550,,6,30,60.8565427184,4
1314,e213,,6,30,56.458728642299995,3
1315,a203,,6,30,59.5231972822,1
1316,a644,,6,30,37.2111206315,0
1317,j755,,6,30,60.0072097835,1
1318,r107,,6,30,58.406472558500006,1
1319,p387,,6,30,63.2692455226,0
1320,c895,,6,30,60.9697113308,2
1321,r811,,6,30,38.242066388699996,0
1322,c580,,6,30,58.0465694091,3
1323,f345,,6,30,54.3637973094,1
1324,o302,,6,30,62.03059364479999,1
1325,e662,,6,30,45.350232415600004,1
1326,b879,,6,30,60.9076148061,2
1327,s565,,6,30,63.6689667821,1
1328,t718,,6,30,57.7041137204,3
1329,g558,,6,30,58.9528291072,3
1330,c757,,6,30,60.0985718432,2
1331,i901,,6,30,60.5918575471,0
1332,i635,,6,30,53.5970381963,2
1333,s187,,6,30,60.00878262649999,2
1334,c402,,6,30,63.7431942843,2
1335,a699,,6,30,54.37934505,0
1336,c264,,6,30,57.823915560699994,2
1337,p136,,6,30,57.0528054555,1
1338,g497,,6,30,61.1081859982,2
1339,d251,,6,30,38.718256383800004,2
1340,r554,,6,30,32.6806545885,3
1341,j365,,6,30,54.4048817649,1
1342,z581,,6,30,56.2867499051,2
1343,a492,,6,30,56.201041043500005,1
1344,a444,,6,30,42.786278345700005,0
1345,q787,,6,30,55.0362062491,2
1346,a401,,6,30,55.9101615864,3
1347,f545,,6,30,65.8939860721,1
1348,x402,,6,30,54.3515846335,3
1349,f234,,6,30,56.873816543100006,2
1350,a251,,6,30,59.8612412853,1
1351,q633,,6,30,58.0572525749,1
1352,c458,,6,30,38.342008229899996,2
1353,v603,,6,30,57.99055377609999,1
1354,j246,,6,30,38.044082019,1
1355,w575,,6,30,60.1530652379,1
1356,w914,,6,30,40.99311013,0
1357,q610,,6,30,40.6683425615,1
1358,i386,,6,30,59.1336402878,3
1359,m601,,6,30,31.758274905100002,1
1360,k894,,6,30,54.400122789300006,3
1361,u327,,6,30,57.3140723863,0
1362,g296,,6,30,57.997706416599996,3
1363,j913,,6,30,34.7572404559,0
1364,q132,,6,30,54.65654872100001,4
1365,i334,,6,30,39.0055543531,1
1366,x401,,6,30,32.915291864000004,0
1367,o809,,6,30,54.832628797299996,1
1368,c559,,6,30,57.146143883,2
1369,o331,,6,30,66.3306634729,1
1370,a897,,6,30,59.9169344271,3
1371,a577,,6,30,57.0318618675,2
1372,j984,,6,30,61.2405057258,1
1373,q597,,6,30,43.339161229300004,1
1374,k403,,6,30,31.0994975278,1
1375,w350,,6,30,55.8799089617,1
1376,c832,,6,30,60.4963757866,2
1377,s185,,6,30,32.959670775999996,1
1378,w584,,6,30,58.2684424837,1
1379,y163,,6,30,59.41253724,2
1380,g989,,11,30,59.0822939412,1
1381,h333,,6,30,55.4552897489,2
1382,a262,,6,30,64.9580917839,3
1383,w697,,6,30,60.7206359101,3
1384,p981,,6,30,56.3391043173,1
1385,c302,,6,30,57.419743886999996,3
1386,t451,,6,30,59.2758226844,0
1387,k483,,6,30,59.747077081899995,2
1388,q511,,6,30,59.364353504499995,1
1389,o973,,6,30,57.7699595186,1
1390,l897,,6,30,39.3527920101,1
1391,j989,,6,30,34.6717810711,1
1392,g288,,6,30,42.8744605586,1
1393,s337,,6,30,52.747717676099995,3
1394,a963,,6,30,53.4016673771,1
1395,k804,,6,30,59.24061511359999,2
1396,d474,,6,30,55.3413415734,0
1397,a788,,6,30,60.4137090758,1
1398,m269,,6,30,67.71250988220001,1
1399,o926,,6,30,56.9173983838,3
1400,b128,,6,30,40.6053348648,1
1401,a366,,6,30,63.440686273599994,1
1402,r701,,6,30,60.3418187213,1
1403,m957,,6,30,38.2124793925,1
1404,v295,,6,30,59.3337720245,3
1405,b759,,6,30,55.742828691899994,1
1406,n364,,6,30,33.8177579986,0
1407,z969,,6,30,65.8410127448,3
1408,w151,,6,30,56.7671582075,2
1409,l700,,6,30,56.6532149954,1
1410,o287,,6,30,54.5030012211,3
1411,t724,,6,30,64.2345946982,2
1412,r944,,6,30,41.680791107,1
1413,x773,,6,30,52.813115177,4
1414,l509,,6,30,44.708054732600004,2
1415,a275,,6,30,54.4447131688,2
1416,g107,,6,30,69.1605198228,0
1417,s508,,6,30,35.4740223478,0
1418,l471,,6,30,58.0936044633,1
1419,u196,,6,30,47.622816356,2
1420,p438,,6,30,56.4064217341,0
1421,j296,,6,30,56.803061207,3
1422,n923,,6,30,59.632560523100004,3
1423,a411,,6,30,39.1307372379,1
1424,l733,,6,30,56.3190653669,1
1425,p189,,6,30,67.1045366507,4
1426,n304,,6,30,55.0390198529,3
1427,q582,,6,30,52.64889349560001,2
1428,g791,,6,30,34.952582842300004,1
1429,n671,,6,30,60.1651804559,0
1430,e227,,6,30,62.4643851526,2
1431,o795,,6,30,68.2170697425,4
1432,r604,,6,30,54.688215356,2
1433,x581,,6,30,55.4928260178,3
1434,c819,,6,30,56.0989981962,1
1435,l490,,6,30,57.918381316499996,3
1436,a818,,6,30,60.0723719791,0
1437,c766,,6,30,60.2559244984,3
1438,l725,,6,30,66.5995451484,3
1439,q483,,6,30,54.952225851,1
1440,t565,,6,30,32.8689161734,0
1441,j119,,6,30,43.0136811371,1
1442,l661,,6,30,55.3290993571,2
1443,m546,,6,30,37.9699336498,0
1444,x822,,6,30,55.4451548315,2
1445,k210,,6,30,59.9895097609,1
1446,w167,,6,30,67.1978718559,0
1447,h246,,6,30,63.5996095357,1
1448,s710,,6,30,43.5717032336,1
1449,v991,,6,30,62.7436430758,3
1450,b559,,6,30,61.19038662609999,1
1451,i738,,6,30,35.5787798701,1
1452,z795,,6,30,59.789635903999994,2
1453,c282,,6,30,59.005902068500006,1
1454,e476,,6,30,57.99279743,1
1455,k382,,6,30,63.469441546400006,4
1456,y769,,6,30,61.071948864300005,3
1457,o562,,6,30,59.653524533900004,1
1458,i177,,6,30,34.711473016,1
1459,y478,,6,30,59.3746145163,1
1460,y865,,6,30,59.0332753041,3
1461,a520,,6,30,36.9477098106,1
1462,x264,,6,30,58.1586942342,3
1463,a685,,6,30,55.4538551891,1
1464,y793,,6,30,35.72602314,2
1465,y260,,6,30,58.5826763418,4
1466,c927,,6,30,60.7539246042,2
1467,i334,,7,35,39.769552101799995,2
1468,l897,,7,35,37.682766641,1
1469,o809,,7,35,55.629428464600004,1
1470,a520,,7,35,37.6247102563,1
1471,p189,,7,35,67.87377675180001,4
1472,k483,,7,35,60.5415615864,2
1473,x822,,7,35,56.7965666526,2
1474,a963,,7,35,56.8139764581,1
1475,l725,,7,35,69.125701726,3
1476,l733,,7,35,57.6007977375,1
1477,m269,,7,35,68.689917354,1
1478,y478,,7,35,61.888026776800004,1
1479,s185,,7,35,28.32853059,1
1480,s337,,7,35,54.810812508400005,3
1481,o973,,7,35,60.2422193118,1
1482,d474,,7,35,56.47911256890001,0
1483,h246,,7,35,67.211270096,2
1484,j989,,7,35,35.1155898014,1
1485,k804,,7,35,62.117278866099994,2
1486,e227,,7,35,66.9491213569,3
1487,w151,,7,35,58.3391409547,2
1488,q511,,7,35,60.8386605931,1
1489,l700,,7,35,61.4626035412,1
1490,t451,,7,35,63.7569896424,0
1491,e662,,7,35,43.220276364700005,1
1492,z581,,7,35,58.6283987816,3
1493,c264,,7,35,61.0747950616,2
1494,w914,,7,35,41.6649157736,1
1495,l661,,7,35,56.4741287099,2
1496,v603,,7,35,63.189431838599994,1
1497,j246,,7,35,38.7532654788,1
1498,q610,,7,35,36.561652291,2
1499,l509,,7,35,40.2072885023,2
1500,m546,,7,35,38.6275358055,1
1501,w575,,7,35,63.6864450308,2
1502,i386,,7,35,64.9254203733,3
1503,y865,,7,35,61.153139910600004,3
1504,n364,,7,35,34.4875220422,1
1505,i738,,7,35,36.1759526888,1
1506,k894,,7,35,55.3626623753,4
1507,c282,,7,35,59.8876547494,1
1508,g296,,7,35,60.3845197846,4
1509,u327,,7,35,58.089028365,1
1510,j913,,7,35,35.1701484317,0
1511,y769,,7,35,63.4306322123,3
1512,m601,,7,35,30.834357039,1
1513,a444,,7,35,41.735950834200004,0
1514,q633,,7,35,63.125659298100004,1
1515,l471,,7,35,61.4059991646,1
1516,a251,,7,35,60.9038845483,1
1517,x401,,7,35,30.2068248766,0
1518,n304,,7,35,57.12241925560001,4
1519,o795,,7,35,69.0850941547,4
1520,p136,,7,35,57.6307819529,1
1521,n923,,7,35,60.3562943168,3
1522,r604,,7,35,59.217000146000004,2
1523,t565,,7,35,33.5156706323,0
1524,d251,,7,35,37.7085294203,2
1525,j365,,7,35,56.9612001622,2
1526,c559,,7,35,59.4550407417,2
1527,a492,,7,35,57.3085537947,1
1528,g497,,7,35,64.0948892973,2
1529,z969,,7,35,69.17624606689999,4
1530,a401,,7,35,60.347144674,3
1531,f545,,7,35,66.74292417310001,1
1532,u196,,7,35,47.0014654238,2
1533,x402,,7,35,55.2409622264,3
1534,r554,,7,35,33.0693370516,3
1535,q787,,7,35,60.3338524187,3
1536,f234,,7,35,57.748758312,2
1537,j296,,7,35,58.714482958199994,3
1538,c302,,7,35,62.2365715655,3
1539,c832,,7,35,61.124487169700004,2
1540,g288,,7,35,38.9541145767,1
1541,f345,,7,35,56.5233272649,1
1542,g107,,7,35,71.9051172092,0
1543,b559,,7,35,65.7057627543,1
1544,r701,,7,35,64.730010445,1
1545,m550,,7,35,62.5391538587,4
1546,x773,,7,35,55.1927363917,4
1547,b128,,7,35,37.967644366900004,1
1548,p387,,7,35,66.4922037978,1
1549,t724,,7,35,67.7443279491,2
1550,s565,,7,35,64.77657908649999,2
1551,r811,,7,35,36.003020161,1
1552,i635,,7,35,55.679996556800006,2
1553,o287,,7,35,55.1182902851,4
1554,c766,,7,35,65.9523679089,4
1555,o926,,7,35,58.593993177200005,3
1556,r944,,7,35,40.4017654219,2
1557,i901,,7,35,62.1273356091,0
1558,g316,,7,35,44.7028329625,2
1559,a818,,7,35,63.298545858400004,0
1560,m650,,7,35,69.2657468118,4
1561,b879,,7,35,64.2608863279,2
1562,z578,,7,35,38.504824438,0
1563,n763,,7,35,57.3824129586,3
1564,y793,,7,35,36.3278695997,2
1565,u364,,7,35,35.4594897809,2
1566,k382,,7,35,66.079184831,4
1567,t718,,7,35,60.4638985119,3
1568,e584,,7,35,58.0865598876,3
1569,e476,,7,35,60.0643402029,1
1570,v991,,7,35,63.8953129437,4
1571,g558,,7,35,60.8621588345,4
1572,z795,,7,35,60.435654163900004,2
1573,i557,,7,35,45.9419490139,0
1574,p438,,7,35,57.5385554628,1
1575,w167,,7,35,68.1342881703,0
1576,i177,,7,35,35.152166204299995,1
1577,a203,,7,35,61.93165006939999,2
1578,a644,,7,35,35.128630831399995,0
1579,c927,,7,35,61.8722736528,3
1580,j755,,7,35,62.732857600500004,1
1581,y260,,7,35,59.603558210900005,4
1582,w422,,7,35,61.4096199392,4
1583,x264,,7,35,61.2996077776,4
1584,g570,,7,35,62.3304203966,2
1585,e213,,7,35,58.2458543541,3
1586,q483,,7,35,59.253484331,1
1587,c757,,7,35,64.2911635123,2
1588,a411,,7,35,39.7172358898,1
1589,o562,,7,35,65.3607674211,1
1590,a685,,7,35,58.0926292504,1
1591,a897,,7,35,64.0528731025,3
1592,g989,,12,35,62.5708796137,2
1593,o331,,7,35,70.126237536,2
1594,q597,,7,35,43.8072014225,1
1595,j984,,7,35,64.0553989564,1
1596,v295,,7,35,61.8931526689,3
1597,q582,,7,35,53.71315791520001,2
1598,k862,,7,35,66.5807224433,3
1599,j119,,7,35,43.7657053733,1
1600,k210,,7,35,63.329330227,1
1601,y163,,7,35,61.7301956164,2
1602,a275,,7,35,56.35353803939999,2
1603,w350,,7,35,56.683557576800006,1
1604,s508,,7,35,35.846140698,0
1605,k403,,7,35,26.546993430700002,1
1606,a699,,7,35,56.5106823354,1
1607,s710,,7,35,44.1605187913,1
1608,c402,,7,35,65.80796270020001,2
1609,c819,,7,35,57.7295346636,1
1610,x581,,7,35,58.0775829251,3
1611,c139,,7,35,67.8214196868,1
1612,a262,,7,35,66.5619630236,4
1613,m957,,7,35,32.5628391419,1
1614,b742,,7,35,39.8475755554,0
1615,c758,,7,35,37.802385459899995,1
1616,v923,,7,35,41.4392415569,2
1617,w697,,7,35,63.6890421576,3
1618,p981,,7,35,59.1310229741,1
1619,t198,,7,35,57.735941156,3
1620,g791,,7,35,30.9603919427,1
1621,a262,,8,40,69.592731975,4
1622,a644,,8,40,35.7794508609,0
1623,i334,,8,40,40.442370366999995,2
1624,a520,,8,40,38.259724974099996,1
1625,k894,,8,40,58.647056157,4
1626,e662,,8,40,44.0067238476,2
1627,n364,,8,40,34.9547331119,1
1628,k403,,8,40,24.3655047062,1
1629,b128,,8,40,38.3797259008,2
1630,i177,,8,40,35.5579327877,2
1631,c302,,8,40,63.281071482399994,4
1632,s508,,8,40,32.798171188299996,0
1633,y478,,8,40,65.9711201741,1
1634,t718,,8,40,61.530398900200005,3
1635,c282,,8,40,65.0217994401,2
1636,o795,,8,40,70.26647886960001,4
1637,m546,,8,40,35.1145752025,1
1638,z578,,8,40,34.0220933558,0
1639,g791,,8,40,31.3694057336,1
1640,c758,,8,40,32.8331885798,1
1641,d251,,8,40,38.2654037868,2
1642,c264,,8,40,65.7083227208,2
1643,u196,,8,40,43.4536867949,2
1644,c757,,8,40,66.6043677097,2
1645,r811,,8,40,36.5200328965,1
1646,c766,,8,40,67.68529455779999,4
1647,e227,,8,40,70.7152176003,3
1648,n763,,8,40,58.011145829600004,4
1649,f545,,8,40,71.1081183452,1
1650,r944,,8,40,41.042044904,2
1651,x773,,8,40,55.9876755056,4
1652,s185,,8,40,25.4721432616,1
1653,a897,,8,40,67.211742786,4
1654,q787,,8,40,62.03412670310001,3
1655,a444,,8,40,42.5049255428,0
1656,m601,,8,40,31.378045301900002,1
1657,t565,,8,40,33.9493413058,0
1658,q597,,8,40,44.471821213199995,2
1659,j989,,8,40,35.501190136700004,1
1660,u327,,8,40,60.466545411800006,1
1661,b879,,8,40,67.1891266642,2
1662,j755,,8,40,67.2077102951,1
1663,y260,,8,40,60.9141762702,4
1664,g570,,8,40,68.5258561579,2
1665,a275,,8,40,60.921538678699996,3
1666,s710,,8,40,40.1719201094,1
1667,s565,,8,40,67.2210069793,2
1668,p387,,8,40,69.0388761787,1
1669,l471,,8,40,63.84485785,1
1670,i635,,8,40,56.8424351425,3
1671,e476,,8,40,61.5252758296,1
1672,k382,,8,40,67.4209552138,4
1673,j119,,8,40,44.5850895996,1
1674,i901,,8,40,64.3034545102,0
1675,a203,,8,40,63.593490019499995,2
1676,b742,,8,40,38.255627397800005,0
1677,w422,,8,40,63.0725846692,4
1678,k862,,8,40,67.5713412826,4
1679,t198,,8,40,59.1299599699,4
1680,k210,,8,40,66.62283627560001,2
1681,a699,,8,40,58.605448163599995,1
1682,f345,,8,40,58.315592504099996,1
1683,v923,,8,40,42.1510147986,2
1684,m550,,8,40,68.2107201909,4
1685,l661,,8,40,59.205668760500004,3
1686,o287,,8,40,57.1971928996,4
1687,v295,,8,40,65.4660744433,3
1688,e213,,8,40,60.2365479716,3
1689,w151,,8,40,62.187950389099996,2
1690,p189,,8,40,74.10609077310001,4
1691,t724,,8,40,69.7283255901,2
1692,q483,,8,40,64.19234113520001,1
1693,r701,,8,40,66.6407217789,1
1694,p438,,8,40,59.3052880573,1
1695,a818,,8,40,69.2738137369,1
1696,x264,,8,40,63.2832882078,4
1697,c927,,8,40,64.18322918060001,4
1698,a411,,8,40,40.2588176479,1
1699,j296,,8,40,60.0726884804,3
1700,a685,,8,40,60.5679037056,2
1701,z795,,8,40,62.3766388411,3
1702,v991,,8,40,64.8511286037,4
1703,h246,,8,40,71.1508346844,2
1704,u364,,8,40,36.0241375158,2
1705,o562,,8,40,71.1724632085,1
1706,m957,,8,40,32.9476148417,1
1707,c819,,8,40,62.175704646099994,1
1708,x581,,8,40,60.280405485799996,3
1709,e584,,8,40,62.8168708302,4
1710,g558,,8,40,61.7749626799,4
1711,y793,,8,40,31.4754107558,2
1712,i557,,8,40,46.821069715600004,1
1713,j984,,8,40,67.7770803588,1
1714,l725,,8,40,73.69349381880001,3
1715,g316,,8,40,45.56582103109999,2
1716,p136,,8,40,61.3802488668,1
1717,r604,,8,40,60.1861153114,2
1718,a492,,8,40,57.9284989721,1
1719,k483,,8,40,64.13872489020001,3
1720,o973,,8,40,64.4878124585,2
1721,j365,,8,40,62.327170655500005,2
1722,d474,,8,40,60.233732778100006,1
1723,l509,,8,40,40.7708125938,2
1724,z581,,8,40,60.053739633999996,3
1725,a401,,8,40,61.7686053849,4
1726,g497,,8,40,67.7428140557,2
1727,x402,,8,40,56.6917229436,3
1728,y865,,8,40,63.469549459899994,3
1729,q633,,8,40,68.4986387581,2
1730,z969,,8,40,70.3149041142,4
1731,a251,,8,40,63.0950756519,1
1732,w914,,8,40,35.6113086052,2
1733,w575,,8,40,64.938406207,3
1734,r554,,8,40,31.804841329699997,3
1735,i386,,8,40,67.2896214667,4
1736,j913,,8,40,31.001860776100003,1
1737,g296,,8,40,62.2219149274,4
1738,i738,,8,40,36.8438979862,2
1739,c832,,8,40,62.5723181635,2
1740,c559,,8,40,60.86184431229999,3
1741,x401,,8,40,28.167397323099998,0
1742,n304,,8,40,59.8305066732,4
1743,w350,,8,40,62.324347690100005,2
1744,m650,,8,40,70.7970678729,4
1745,c402,,8,40,70.2222967893,2
1746,b559,,8,40,69.9696164479,1
1747,o926,,8,40,59.903044476999995,3
1748,c139,,8,40,69.4281409486,2
1749,l897,,8,40,38.3439015408,1
1750,x822,,8,40,59.5556846563,2
1751,l700,,8,40,62.9866779843,1
1752,t451,,8,40,67.654795994,1
1753,y163,,8,40,63.6206795825,2
1754,q511,,8,40,63.1944280711,2
1755,l733,,8,40,59.443506495200005,1
1756,m269,,8,40,70.21464418640001,1
1757,y769,,8,40,64.2510276139,4
1758,g288,,8,40,36.356851210500004,1
1759,n923,,8,40,66.22960553909999,3
1760,a963,,8,40,58.4637868525,1
1761,o331,,8,40,71.4477425103,3
1762,s337,,8,40,56.9948158925,4
1763,n364,,9,45,31.0953350465,1
1764,b128,,9,45,38.9828777369,2
1765,l661,,9,45,59.8519555174,3
1766,y865,,9,45,64.7298365528,3
1767,y769,,9,45,68.5947449754,4
1768,b559,,9,45,73.0513633905,1
1769,t565,,9,45,34.4552979914,0
1770,c282,,9,45,65.8151653496,2
1771,l509,,9,45,41.4830076486,3
1772,j296,,9,45,61.8490233555,3
1773,a411,,9,45,38.407618303,1
1774,p189,,9,45,75.2949359046,4
1775,m650,,9,45,73.9013991214,4
1776,q597,,9,45,45.220868879499996,2
1777,g288,,9,45,37.0740242155,1
1778,o331,,9,45,78.56701362140001,4
1779,y163,,9,45,67.68556862300001,3
1780,i334,,9,45,36.3745103858,2
1781,c139,,9,45,72.2267308995,2
1782,c832,,9,45,65.415954505,3
1783,a262,,9,45,70.7176205811,4
1784,z581,,9,45,62.754451407299996,3
1785,g497,,9,45,69.87225079470001,2
1786,a251,,9,45,65.5257428523,1
1787,q787,,9,45,66.0964747731,3
1788,r554,,9,45,32.3773568408,3
1789,k483,,9,45,66.1969115113,3
1790,w151,,9,45,67.5274823673,3
1791,g316,,9,45,40.159220298600005,2
1792,m550,,9,45,69.2535031225,4
1793,e227,,9,45,73.2129385077,3
1794,a685,,9,45,66.08306589,3
1795,s508,,9,45,30.2762317489,0
1796,h246,,9,45,74.1040856682,2
1797,y793,,9,45,31.8962383998,2
1798,c766,,9,45,69.8231457684,4
1799,z578,,9,45,30.6386957475,0
1800,m957,,9,45,33.3290977815,1
1801,e662,,9,45,40.6590062721,2
1802,e476,,9,45,62.4354040184,1
1803,k382,,9,45,73.7156189986,4
1804,a203,,9,45,67.9734187806,2
1805,w422,,9,45,67.9895300127,4
1806,f345,,9,45,60.9187665154,1
1807,y260,,9,45,62.909440620299996,4
1808,m546,,9,45,30.564625086,1
1809,a818,,9,45,74.9977644288,2
1810,l471,,9,45,67.7486617382,1
1811,s337,,9,45,62.1096510197,4
1812,a963,,9,45,62.76509316520001,1
1813,q511,,9,45,68.61106074770001,3
1814,k403,,9,45,22.0501262735,1
1815,t451,,9,45,68.711630197,1
1816,o926,,9,45,62.327966062899996,4
1817,l897,,9,45,38.8468756907,1
1818,c302,,9,45,64.5752215711,4
1819,w350,,9,45,64.957561848,2
1820,c402,,9,45,74.0403901771,3
1821,v923,,9,45,40.6581236579,2
1822,c758,,9,45,33.3976525121,1
1823,j984,,9,45,70.6538316181,1
1824,a699,,9,45,62.1914143712,1
1825,a897,,9,45,72.2559630577,4
1826,t198,,9,45,64.9113626787,4
1827,k862,,9,45,69.2991490732,4
1828,j989,,9,45,36.134852433,1
1829,b742,,9,45,38.9396326337,0
1830,m269,,9,45,75.1236895484,1
1831,c264,,9,45,67.9421210707,2
1832,g296,,9,45,68.16319517069999,4
1833,j913,,9,45,31.5604695499,1
1834,w575,,9,45,68.4012859299,3
1835,k894,,9,45,60.7527041686,4
1836,a444,,9,45,43.0475426023,0
1837,q633,,9,45,70.8277963054,2
1838,w914,,9,45,36.0410473598,2
1839,a401,,9,45,66.79415598920001,4
1840,f545,,9,45,73.3244322804,1
1841,x402,,9,45,61.6196061525,3
1842,j365,,9,45,64.2940849315,2
1843,m601,,9,45,28.4309641063,1
1844,d251,,9,45,37.311235519499995,2
1845,a492,,9,45,60.1220105157,1
1846,x401,,9,45,28.4840328114,0
1847,p136,,9,45,63.488696780299996,2
1848,c559,,9,45,61.840058422,4
1849,s185,,9,45,23.3435978665,1
1850,i738,,9,45,37.3118457744,2
1851,i901,,9,45,65.3418108738,0
1852,c757,,9,45,69.04284081770001,3
1853,t724,,9,45,75.1132880077,2
1854,s710,,9,45,40.728577871599995,1
1855,x581,,9,45,64.63494887479999,3
1856,a275,,9,45,62.9993561904,3
1857,a520,,9,45,38.8103663256,1
1858,k210,,9,45,68.9231845721,3
1859,j119,,9,45,38.1251643976,1
1860,y478,,9,45,66.842634534,1
1861,l725,,9,45,76.66881741729999,3
1862,x822,,9,45,61.386660315200004,3
1863,l700,,9,45,63.9466404372,1
1864,l733,,9,45,64.2998300327,1
1865,n304,,9,45,63.5863951382,4
1866,o795,,9,45,73.0594543492,4
1867,u196,,9,45,40.6677129221,3
1868,r604,,9,45,62.670759039,3
1869,z969,,9,45,73.8678447583,4
1870,g791,,9,45,29.1284718087,1
1871,i635,,9,45,58.633404140100005,3
1872,o287,,9,45,59.7419006401,4
1873,r701,,9,45,69.7785440734,1
1874,r811,,9,45,37.2256503301,1
1875,u327,,9,45,66.2688013293,2
1876,s565,,9,45,72.58896446770001,2
1877,g570,,9,45,70.4927876341,2
1878,i557,,9,45,47.6859630331,1
1879,a644,,9,45,32.9785219169,1
1880,j755,,9,45,69.56362075979999,1
1881,e213,,9,45,63.105696295200005,4
1882,e584,,9,45,68.3597766991,4
1883,t718,,9,45,63.4236951662,4
1884,o562,,9,45,72.4554211616,2
1885,i177,,9,45,33.5624021721,3
1886,v991,,9,45,70.1677489854,4
1887,z795,,9,45,65.74107029390001,3
1888,r944,,9,45,41.5815207362,2
1889,u364,,9,45,31.0239229361,3
1890,p438,,9,45,61.4338922251,1
1891,x773,,9,45,58.63497148689999,4
1892,b879,,9,45,72.5552389364,2
